--
-- PostgreSQL database dump
--

-- Dumped from database version 16.5
-- Dumped by pg_dump version 16.5

-- Started on 2025-06-14 13:54:14

SET statement_timeout = 0;
SET lock_timeout = 0;
SET idle_in_transaction_session_timeout = 0;
SET client_encoding = 'UTF8';
SET standard_conforming_strings = on;
SELECT pg_catalog.set_config('search_path', '', false);
SET check_function_bodies = false;
SET xmloption = content;
SET client_min_messages = warning;
SET row_security = off;

--
-- TOC entry 4 (class 2615 OID 2200)
-- Name: public; Type: SCHEMA; Schema: -; Owner: pg_database_owner
--

CREATE SCHEMA public;


ALTER SCHEMA public OWNER TO pg_database_owner;

--
-- TOC entry 4961 (class 0 OID 0)
-- Dependencies: 4
-- Name: SCHEMA public; Type: COMMENT; Schema: -; Owner: pg_database_owner
--

COMMENT ON SCHEMA public IS 'standard public schema';


--
-- TOC entry 854 (class 1247 OID 31322)
-- Name: GuestStatus; Type: TYPE; Schema: public; Owner: postgres
--

CREATE TYPE public."GuestStatus" AS ENUM (
    'INVITED',
    'ACCEPTED',
    'DECLINED',
    'PENDING'
);


ALTER TYPE public."GuestStatus" OWNER TO postgres;

--
-- TOC entry 851 (class 1247 OID 31317)
-- Name: LayoutType; Type: TYPE; Schema: public; Owner: postgres
--

CREATE TYPE public."LayoutType" AS ENUM (
    'PARTY',
    'MODEL'
);


ALTER TYPE public."LayoutType" OWNER TO postgres;

SET default_tablespace = '';

SET default_table_access_method = heap;

--
-- TOC entry 218 (class 1259 OID 31342)
-- Name: Layout; Type: TABLE; Schema: public; Owner: postgres
--

CREATE TABLE public."Layout" (
    layout_id integer NOT NULL,
    layout_owner_id integer NOT NULL,
    layout_name text NOT NULL,
    layout_type public."LayoutType" NOT NULL,
    created_at timestamp(3) without time zone DEFAULT CURRENT_TIMESTAMP NOT NULL,
    updated_at timestamp(3) without time zone NOT NULL
);


ALTER TABLE public."Layout" OWNER TO postgres;

--
-- TOC entry 220 (class 1259 OID 31352)
-- Name: LayoutItem; Type: TABLE; Schema: public; Owner: postgres
--

CREATE TABLE public."LayoutItem" (
    layout_item_id integer NOT NULL,
    layout_id integer NOT NULL,
    created_at timestamp(3) without time zone DEFAULT CURRENT_TIMESTAMP NOT NULL,
    updated_at timestamp(3) without time zone NOT NULL,
    layout_item_color text,
    layout_item_name text NOT NULL,
    layout_item_position_x double precision NOT NULL,
    layout_item_position_y double precision NOT NULL,
    layout_item_radius double precision,
    layout_item_rotation double precision NOT NULL,
    layout_item_shape text NOT NULL,
    layout_item_size double precision,
    layout_item_type text NOT NULL,
    layout_item_seat_count integer DEFAULT 4 NOT NULL
);


ALTER TABLE public."LayoutItem" OWNER TO postgres;

--
-- TOC entry 219 (class 1259 OID 31351)
-- Name: LayoutItem_layout_item_id_seq; Type: SEQUENCE; Schema: public; Owner: postgres
--

CREATE SEQUENCE public."LayoutItem_layout_item_id_seq"
    AS integer
    START WITH 1
    INCREMENT BY 1
    NO MINVALUE
    NO MAXVALUE
    CACHE 1;


ALTER SEQUENCE public."LayoutItem_layout_item_id_seq" OWNER TO postgres;

--
-- TOC entry 4962 (class 0 OID 0)
-- Dependencies: 219
-- Name: LayoutItem_layout_item_id_seq; Type: SEQUENCE OWNED BY; Schema: public; Owner: postgres
--

ALTER SEQUENCE public."LayoutItem_layout_item_id_seq" OWNED BY public."LayoutItem".layout_item_id;


--
-- TOC entry 217 (class 1259 OID 31341)
-- Name: Layout_layout_id_seq; Type: SEQUENCE; Schema: public; Owner: postgres
--

CREATE SEQUENCE public."Layout_layout_id_seq"
    AS integer
    START WITH 1
    INCREMENT BY 1
    NO MINVALUE
    NO MAXVALUE
    CACHE 1;


ALTER SEQUENCE public."Layout_layout_id_seq" OWNER TO postgres;

--
-- TOC entry 4963 (class 0 OID 0)
-- Dependencies: 217
-- Name: Layout_layout_id_seq; Type: SEQUENCE OWNED BY; Schema: public; Owner: postgres
--

ALTER SEQUENCE public."Layout_layout_id_seq" OWNED BY public."Layout".layout_id;


--
-- TOC entry 222 (class 1259 OID 31362)
-- Name: Party; Type: TABLE; Schema: public; Owner: postgres
--

CREATE TABLE public."Party" (
    party_id integer NOT NULL,
    party_name text NOT NULL,
    organizer_id integer NOT NULL,
    layout_id integer NOT NULL,
    created_at timestamp(3) without time zone DEFAULT CURRENT_TIMESTAMP NOT NULL,
    updated_at timestamp(3) without time zone NOT NULL,
    party_date timestamp(3) without time zone NOT NULL,
    party_location text NOT NULL,
    party_end_time time without time zone NOT NULL,
    party_start_time time without time zone NOT NULL
);


ALTER TABLE public."Party" OWNER TO postgres;

--
-- TOC entry 224 (class 1259 OID 31372)
-- Name: PartyGuest; Type: TABLE; Schema: public; Owner: postgres
--

CREATE TABLE public."PartyGuest" (
    party_guest_id integer NOT NULL,
    party_id integer NOT NULL,
    guest_status public."GuestStatus" DEFAULT 'PENDING'::public."GuestStatus" NOT NULL,
    created_at timestamp(3) without time zone DEFAULT CURRENT_TIMESTAMP NOT NULL,
    updated_at timestamp(3) without time zone NOT NULL,
    guest_email text,
    guest_name text NOT NULL,
    guest_notes text,
    guest_phone text,
    guest_avatar text,
    guest_seat_id integer
);


ALTER TABLE public."PartyGuest" OWNER TO postgres;

--
-- TOC entry 223 (class 1259 OID 31371)
-- Name: PartyGuest_party_guest_id_seq; Type: SEQUENCE; Schema: public; Owner: postgres
--

CREATE SEQUENCE public."PartyGuest_party_guest_id_seq"
    AS integer
    START WITH 1
    INCREMENT BY 1
    NO MINVALUE
    NO MAXVALUE
    CACHE 1;


ALTER SEQUENCE public."PartyGuest_party_guest_id_seq" OWNER TO postgres;

--
-- TOC entry 4964 (class 0 OID 0)
-- Dependencies: 223
-- Name: PartyGuest_party_guest_id_seq; Type: SEQUENCE OWNED BY; Schema: public; Owner: postgres
--

ALTER SEQUENCE public."PartyGuest_party_guest_id_seq" OWNED BY public."PartyGuest".party_guest_id;


--
-- TOC entry 226 (class 1259 OID 31380)
-- Name: PartyHost; Type: TABLE; Schema: public; Owner: postgres
--

CREATE TABLE public."PartyHost" (
    party_host_id integer NOT NULL,
    party_id integer NOT NULL,
    host_id integer NOT NULL,
    created_at timestamp(3) without time zone DEFAULT CURRENT_TIMESTAMP NOT NULL,
    updated_at timestamp(3) without time zone NOT NULL
);


ALTER TABLE public."PartyHost" OWNER TO postgres;

--
-- TOC entry 225 (class 1259 OID 31379)
-- Name: PartyHost_party_host_id_seq; Type: SEQUENCE; Schema: public; Owner: postgres
--

CREATE SEQUENCE public."PartyHost_party_host_id_seq"
    AS integer
    START WITH 1
    INCREMENT BY 1
    NO MINVALUE
    NO MAXVALUE
    CACHE 1;


ALTER SEQUENCE public."PartyHost_party_host_id_seq" OWNER TO postgres;

--
-- TOC entry 4965 (class 0 OID 0)
-- Dependencies: 225
-- Name: PartyHost_party_host_id_seq; Type: SEQUENCE OWNED BY; Schema: public; Owner: postgres
--

ALTER SEQUENCE public."PartyHost_party_host_id_seq" OWNED BY public."PartyHost".party_host_id;


--
-- TOC entry 221 (class 1259 OID 31361)
-- Name: Party_party_id_seq; Type: SEQUENCE; Schema: public; Owner: postgres
--

CREATE SEQUENCE public."Party_party_id_seq"
    AS integer
    START WITH 1
    INCREMENT BY 1
    NO MINVALUE
    NO MAXVALUE
    CACHE 1;


ALTER SEQUENCE public."Party_party_id_seq" OWNER TO postgres;

--
-- TOC entry 4966 (class 0 OID 0)
-- Dependencies: 221
-- Name: Party_party_id_seq; Type: SEQUENCE OWNED BY; Schema: public; Owner: postgres
--

ALTER SEQUENCE public."Party_party_id_seq" OWNED BY public."Party".party_id;


--
-- TOC entry 216 (class 1259 OID 31332)
-- Name: User; Type: TABLE; Schema: public; Owner: postgres
--

CREATE TABLE public."User" (
    user_id integer NOT NULL,
    email text NOT NULL,
    name text,
    created_at timestamp(3) without time zone DEFAULT CURRENT_TIMESTAMP NOT NULL,
    updated_at timestamp(3) without time zone NOT NULL
);


ALTER TABLE public."User" OWNER TO postgres;

--
-- TOC entry 215 (class 1259 OID 31331)
-- Name: User_user_id_seq; Type: SEQUENCE; Schema: public; Owner: postgres
--

CREATE SEQUENCE public."User_user_id_seq"
    AS integer
    START WITH 1
    INCREMENT BY 1
    NO MINVALUE
    NO MAXVALUE
    CACHE 1;


ALTER SEQUENCE public."User_user_id_seq" OWNER TO postgres;

--
-- TOC entry 4967 (class 0 OID 0)
-- Dependencies: 215
-- Name: User_user_id_seq; Type: SEQUENCE OWNED BY; Schema: public; Owner: postgres
--

ALTER SEQUENCE public."User_user_id_seq" OWNED BY public."User".user_id;


--
-- TOC entry 4768 (class 2604 OID 31345)
-- Name: Layout layout_id; Type: DEFAULT; Schema: public; Owner: postgres
--

ALTER TABLE ONLY public."Layout" ALTER COLUMN layout_id SET DEFAULT nextval('public."Layout_layout_id_seq"'::regclass);


--
-- TOC entry 4770 (class 2604 OID 31355)
-- Name: LayoutItem layout_item_id; Type: DEFAULT; Schema: public; Owner: postgres
--

ALTER TABLE ONLY public."LayoutItem" ALTER COLUMN layout_item_id SET DEFAULT nextval('public."LayoutItem_layout_item_id_seq"'::regclass);


--
-- TOC entry 4773 (class 2604 OID 31365)
-- Name: Party party_id; Type: DEFAULT; Schema: public; Owner: postgres
--

ALTER TABLE ONLY public."Party" ALTER COLUMN party_id SET DEFAULT nextval('public."Party_party_id_seq"'::regclass);


--
-- TOC entry 4775 (class 2604 OID 31375)
-- Name: PartyGuest party_guest_id; Type: DEFAULT; Schema: public; Owner: postgres
--

ALTER TABLE ONLY public."PartyGuest" ALTER COLUMN party_guest_id SET DEFAULT nextval('public."PartyGuest_party_guest_id_seq"'::regclass);


--
-- TOC entry 4778 (class 2604 OID 31383)
-- Name: PartyHost party_host_id; Type: DEFAULT; Schema: public; Owner: postgres
--

ALTER TABLE ONLY public."PartyHost" ALTER COLUMN party_host_id SET DEFAULT nextval('public."PartyHost_party_host_id_seq"'::regclass);


--
-- TOC entry 4766 (class 2604 OID 31335)
-- Name: User user_id; Type: DEFAULT; Schema: public; Owner: postgres
--

ALTER TABLE ONLY public."User" ALTER COLUMN user_id SET DEFAULT nextval('public."User_user_id_seq"'::regclass);


--
-- TOC entry 4947 (class 0 OID 31342)
-- Dependencies: 218
-- Data for Name: Layout; Type: TABLE DATA; Schema: public; Owner: postgres
--

INSERT INTO public."Layout" VALUES (1, 10, 'Portable Phone Charger', 'PARTY', '2024-06-11 12:23:37', '2024-06-19 06:18:13');
INSERT INTO public."Layout" VALUES (4, 3, 'Roasted Sweet Corn', 'PARTY', '2024-06-11 12:38:14', '2024-06-17 03:55:31');
INSERT INTO public."Layout" VALUES (2, 6, 'Organic Green Tea', 'MODEL', '2024-06-11 12:32:34', '2024-06-15 06:56:12');
INSERT INTO public."Layout" VALUES (3, 7, 'Tomatillo Salsa', 'MODEL', '2024-06-11 12:33:52', '2024-06-16 10:56:27');
INSERT INTO public."Layout" VALUES (5, 8, 'Collapsible Pet Dog Bowl', 'PARTY', '2024-06-11 12:42:55', '2024-06-15 23:15:41');
INSERT INTO public."Layout" VALUES (6, 1, 'Layout de test', 'PARTY', '2025-06-13 21:28:50.067', '2024-06-17 03:55:31');


--
-- TOC entry 4949 (class 0 OID 31352)
-- Dependencies: 220
-- Data for Name: LayoutItem; Type: TABLE DATA; Schema: public; Owner: postgres
--

INSERT INTO public."LayoutItem" VALUES (1, 4, '2024-06-11 12:23:37', '2024-06-14 03:20:45', '#7f2', 'Portable Phone Charger', -927, -849, 495, 142, 'SQUARE', 286, 'DOOR', 4);
INSERT INTO public."LayoutItem" VALUES (2, 2, '2024-06-11 12:31:03', '2024-06-13 23:54:22', '#cbC4bC', 'Organic Green Tea', 884, 560, 276, 233, 'RECTANGLE', 86, 'TABLE', 4);
INSERT INTO public."LayoutItem" VALUES (3, 5, '2024-06-11 12:34:06', '2024-06-16 19:05:21', '#d03006', 'Tomatillo Salsa', -326, -985, 579, 167, 'CIRCLE', 47, 'WALL', 4);
INSERT INTO public."LayoutItem" VALUES (4, 3, '2024-06-11 12:35:51', '2024-06-20 12:06:47', '#eD5', 'Roasted Sweet Corn', -1000, -340, 221, 180, 'CIRCLE', 170, 'WALL', 4);
INSERT INTO public."LayoutItem" VALUES (5, 1, '2024-06-11 12:43:54', '2024-06-20 18:32:55', '#D8efb1', 'Collapsible Pet Dog Bowl', -517, -199, 61, 68, 'SQUARE', 26, 'DOOR', 4);
INSERT INTO public."LayoutItem" VALUES (6, 2, '2024-06-11 12:48:05', '2024-06-16 04:38:19', '#A8d', 'Desk Organizer Set', 554, -267, 354, 36, 'RECTANGLE', 866, 'TABLE', 4);
INSERT INTO public."LayoutItem" VALUES (7, 5, '2024-06-11 12:51:12', '2024-06-18 09:48:36', '#BB3', 'Basil-infused Olive Oil', -572, -487, 664, 63, 'RECTANGLE', 692, 'TABLE', 4);
INSERT INTO public."LayoutItem" VALUES (8, 3, '2024-06-11 12:58:53', '2024-06-14 23:42:52', '#aa829d', 'LED Flashing Pet Collar', -706, 928, 923, 127, 'CIRCLE', 810, 'WALL', 4);
INSERT INTO public."LayoutItem" VALUES (9, 1, '2024-06-11 13:05:05', '2024-06-12 20:55:30', '#92e', 'Organic Quinoa Salad', 863, 923, 748, 223, 'SQUARE', 969, 'DOOR', 4);
INSERT INTO public."LayoutItem" VALUES (10, 4, '2024-06-11 13:09:48', '2024-06-20 02:08:54', '#bf3', 'Lentil Vegetable Curry', 787, 258, 404, 179, 'CIRCLE', 796, 'WALL', 4);
INSERT INTO public."LayoutItem" VALUES (11, 5, '2024-06-11 13:15:14', '2024-06-12 12:02:57', '#f3FA9D', 'Artisan Bread', 917, 180, 840, 162, 'SQUARE', 592, 'DOOR', 4);
INSERT INTO public."LayoutItem" VALUES (12, 1, '2024-06-11 13:16:44', '2024-06-20 18:37:17', '#f1C', 'Dish Soap Dispenser', -883, 917, 208, 66, 'RECTANGLE', 956, 'TABLE', 4);
INSERT INTO public."LayoutItem" VALUES (13, 3, '2024-06-11 13:19:01', '2024-06-13 21:37:31', '#eacdeA', 'Crispy Potato Tots', 305, -490, 485, 210, 'CIRCLE', 1000, 'WALL', 4);
INSERT INTO public."LayoutItem" VALUES (14, 2, '2024-06-11 13:22:08', '2024-06-21 06:23:53', '#aC6b54', 'Lemon Pepper Seasoning', -177, -164, 2, 277, 'SQUARE', 63, 'DOOR', 4);
INSERT INTO public."LayoutItem" VALUES (15, 4, '2024-06-11 13:23:17', '2024-06-18 14:30:07', '#dfc', 'Electric Heat Press Machine', -994, -564, 523, 208, 'RECTANGLE', 911, 'TABLE', 4);
INSERT INTO public."LayoutItem" VALUES (16, 1, '2024-06-11 13:29:30', '2024-06-15 11:53:31', '#1d1463', 'High-Waisted Skirt', -354, -827, 416, 185, 'SQUARE', 626, 'DOOR', 4);
INSERT INTO public."LayoutItem" VALUES (17, 2, '2024-06-11 13:36:00', '2024-06-20 20:15:38', '#dEd', 'Savory Rice Cakes', 332, 4, 306, 230, 'RECTANGLE', 730, 'TABLE', 4);
INSERT INTO public."LayoutItem" VALUES (18, 5, '2024-06-11 13:43:27', '2024-06-18 12:01:53', '#9F4Eca', 'Falafel Mix', 880, 882, 698, 283, 'CIRCLE', 33, 'WALL', 4);
INSERT INTO public."LayoutItem" VALUES (19, 4, '2024-06-11 13:47:10', '2024-06-17 17:36:04', '#EebEdD', 'Ski Goggles', -757, 547, 153, 63, 'SQUARE', 379, 'DOOR', 4);
INSERT INTO public."LayoutItem" VALUES (20, 3, '2024-06-11 13:52:21', '2024-06-12 09:01:10', '#F7BFC5', 'Digital Wireless Meat Thermometer', 588, -719, 581, 302, 'RECTANGLE', 127, 'TABLE', 4);
INSERT INTO public."LayoutItem" VALUES (21, 2, '2024-06-11 13:54:58', '2024-06-13 09:15:34', '#fdf', 'Deluxe First Aid Kit', 602, -913, 333, 211, 'CIRCLE', 208, 'WALL', 4);
INSERT INTO public."LayoutItem" VALUES (22, 5, '2024-06-11 14:03:06', '2024-06-18 12:27:16', '#fEeaBF', 'Artisan Bread Loaf', -653, -974, 223, 184, 'RECTANGLE', 598, 'TABLE', 4);
INSERT INTO public."LayoutItem" VALUES (23, 3, '2024-06-11 14:08:35', '2024-06-14 07:41:49', '#CDCFca', 'Woven Storage Baskets', -755, 507, 428, 235, 'CIRCLE', 688, 'WALL', 4);
INSERT INTO public."LayoutItem" VALUES (24, 1, '2024-06-11 14:14:14', '2024-06-16 08:28:03', '#5EE', 'Creamy Spinach Dip', -792, -508, 795, 16, 'SQUARE', 788, 'DOOR', 4);
INSERT INTO public."LayoutItem" VALUES (25, 4, '2024-06-11 14:15:45', '2024-06-16 02:55:05', '#59E', 'Suction Cup Hooks', 579, 199, 182, 137, 'SQUARE', 805, 'DOOR', 4);
INSERT INTO public."LayoutItem" VALUES (26, 1, '2024-06-11 14:23:56', '2024-06-18 16:35:39', '#D0A', 'Spicy Hummus', 387, -597, 457, 17, 'RECTANGLE', 585, 'TABLE', 4);
INSERT INTO public."LayoutItem" VALUES (27, 2, '2024-06-11 14:33:43', '2024-06-17 23:49:53', '#8BC', 'Organic Black Beans', 0, -179, 749, 151, 'CIRCLE', 689, 'WALL', 4);
INSERT INTO public."LayoutItem" VALUES (28, 5, '2024-06-11 14:37:28', '2024-06-17 00:37:37', '#eCF', 'Overnight Duffle Bag', -267, 133, 306, 179, 'RECTANGLE', 729, 'TABLE', 4);
INSERT INTO public."LayoutItem" VALUES (29, 4, '2024-06-11 14:43:07', '2024-06-15 01:12:47', '#Abf', 'DIY Lip Balm Making Kit', 595, 290, 975, 296, 'CIRCLE', 771, 'WALL', 4);
INSERT INTO public."LayoutItem" VALUES (30, 3, '2024-06-11 14:48:34', '2024-06-13 16:24:34', '#E78', 'Organic Chia Seeds', 594, 498, 810, 183, 'SQUARE', 580, 'DOOR', 4);
INSERT INTO public."LayoutItem" VALUES (31, 4, '2024-06-11 14:51:37', '2024-06-20 10:20:56', '#aF1', 'Organic Whole Grain Oats', 245, -37, 954, 356, 'CIRCLE', 119, 'WALL', 4);
INSERT INTO public."LayoutItem" VALUES (32, 5, '2024-06-11 14:52:45', '2024-06-13 19:14:07', '#BD0', 'Almond Flour Pancake Mix', -44, 230, 603, 61, 'SQUARE', 957, 'DOOR', 4);
INSERT INTO public."LayoutItem" VALUES (33, 1, '2024-06-11 15:00:24', '2024-06-16 15:24:31', '#084BdB', 'Children''s Art Set', 69, -188, 76, 201, 'RECTANGLE', 697, 'TABLE', 4);
INSERT INTO public."LayoutItem" VALUES (34, 3, '2024-06-11 15:02:02', '2024-06-19 23:45:34', '#d16EF5', 'Stylish Combat Boots', 664, 952, 164, 47, 'CIRCLE', 915, 'WALL', 4);
INSERT INTO public."LayoutItem" VALUES (35, 2, '2024-06-11 15:03:36', '2024-06-13 01:08:39', '#41d', 'Beef Chili', 132, -146, 534, 314, 'SQUARE', 337, 'DOOR', 4);
INSERT INTO public."LayoutItem" VALUES (36, 2, '2024-06-11 15:06:17', '2024-06-19 05:46:02', '#aDd5dd', 'Blueberry Muffin Mix', 557, 479, 850, 141, 'RECTANGLE', 571, 'TABLE', 4);
INSERT INTO public."LayoutItem" VALUES (37, 5, '2024-06-11 15:10:25', '2024-06-13 07:51:26', '#c9C5F4', 'Lentil Soup (canned)', 314, 365, 937, 249, 'RECTANGLE', 738, 'TABLE', 4);
INSERT INTO public."LayoutItem" VALUES (38, 1, '2024-06-11 15:12:28', '2024-06-12 01:45:24', '#A89', 'Smartphone Holder for Car', 95, -503, 503, 167, 'CIRCLE', 181, 'WALL', 4);
INSERT INTO public."LayoutItem" VALUES (39, 3, '2024-06-11 15:17:39', '2024-06-15 11:11:17', '#f0bc8b', 'Pumpkin Spice Granola', -948, -853, 430, 338, 'SQUARE', 338, 'DOOR', 4);
INSERT INTO public."LayoutItem" VALUES (40, 4, '2024-06-11 15:18:49', '2024-06-15 19:17:58', '#b6fbf2', 'Safety First Aid Kit', -110, 913, 192, 201, 'CIRCLE', 972, 'WALL', 4);
INSERT INTO public."LayoutItem" VALUES (41, 1, '2024-06-11 15:19:56', '2024-06-18 05:40:35', '#ADFDaC', 'Natural Peanut Butter', 567, 414, 131, 275, 'SQUARE', 282, 'DOOR', 4);
INSERT INTO public."LayoutItem" VALUES (42, 4, '2024-06-11 15:27:52', '2024-06-15 11:44:48', '#6Ba', 'Garden Tool Set', 884, -618, 567, 2, 'RECTANGLE', 962, 'TABLE', 4);
INSERT INTO public."LayoutItem" VALUES (43, 2, '2024-06-11 15:32:44', '2024-06-13 17:55:17', '#BF0', 'Sweetened Condensed Milk', 945, -565, 165, 252, 'SQUARE', 69, 'DOOR', 4);
INSERT INTO public."LayoutItem" VALUES (44, 5, '2024-06-11 15:34:29', '2024-06-16 17:09:39', '#BBEd7F', 'Vegetable Stir-Fry Kit', 372, -962, 267, 4, 'RECTANGLE', 315, 'TABLE', 4);
INSERT INTO public."LayoutItem" VALUES (45, 3, '2024-06-11 15:39:50', '2024-06-18 14:50:16', '#C3ebFC', 'Tomato Basil Pasta Sauce', -600, 868, 808, 30, 'CIRCLE', 944, 'WALL', 4);
INSERT INTO public."LayoutItem" VALUES (46, 1, '2024-06-11 15:43:02', '2024-06-20 17:24:23', '#4b69aa', 'Mini Indoor Herb Garden Kit', -760, 487, 612, 167, 'RECTANGLE', 369, 'TABLE', 4);
INSERT INTO public."LayoutItem" VALUES (47, 2, '2024-06-11 15:49:28', '2024-06-12 01:46:34', '#aef', 'Heavy Duty Gardening Tool Set', -721, 674, 15, 89, 'CIRCLE', 626, 'WALL', 4);
INSERT INTO public."LayoutItem" VALUES (48, 5, '2024-06-11 15:58:19', '2024-06-16 14:41:26', '#fFFAdE', 'Chiffon Blouse', 672, 703, 361, 189, 'SQUARE', 198, 'DOOR', 4);
INSERT INTO public."LayoutItem" VALUES (49, 4, '2024-06-11 16:03:05', '2024-06-20 18:26:47', '#dDF', 'Zucchini Noodle Pasta', 476, -495, 996, 19, 'SQUARE', 340, 'DOOR', 4);
INSERT INTO public."LayoutItem" VALUES (50, 3, '2024-06-11 16:07:11', '2024-06-18 20:04:23', '#C26', 'Almond Joy Protein Bars', -22, 459, 935, 76, 'RECTANGLE', 905, 'TABLE', 4);
INSERT INTO public."LayoutItem" VALUES (102, 6, '2025-06-13 21:29:50.811', '2024-06-11 12:31:03', NULL, 'Mesa 2', 0, 0, NULL, 0, 'SQUARE', 140, 'TABLE', 4);
INSERT INTO public."LayoutItem" VALUES (101, 6, '2025-06-13 21:29:50.811', '2024-06-11 12:31:03', NULL, 'Mesa 1', 500, 500, 70, 0, 'CIRCLE', NULL, 'TABLE', 4);


--
-- TOC entry 4951 (class 0 OID 31362)
-- Dependencies: 222
-- Data for Name: Party; Type: TABLE DATA; Schema: public; Owner: postgres
--

INSERT INTO public."Party" VALUES (2, 'Republican Party', 1, 5, '2024-06-11 12:32:51', '2024-06-16 07:10:48', '2025-06-11 20:39:55.171', 'Salon 1', '18:14:26.527988', '18:14:26.527988');
INSERT INTO public."Party" VALUES (3, 'Constitution Party', 1, 3, '2024-06-11 12:37:50', '2024-06-13 00:36:20', '2025-06-11 20:39:55.171', 'Salon 1', '18:14:26.527988', '18:14:26.527988');
INSERT INTO public."Party" VALUES (4, 'Working Families Party', 1, 1, '2024-06-11 12:40:25', '2024-06-12 19:00:25', '2025-06-11 20:39:55.171', 'Salon 1', '18:14:26.527988', '18:14:26.527988');
INSERT INTO public."Party" VALUES (5, 'Reform Party', 1, 4, '2024-06-11 12:47:51', '2024-06-20 06:49:54', '2025-06-11 20:39:55.171', 'Salon 1', '18:14:26.527988', '18:14:26.527988');
INSERT INTO public."Party" VALUES (6, 'Democratic Party', 1, 5, '2024-06-11 12:50:45', '2024-06-17 04:57:56', '2025-06-11 20:39:55.171', 'Salon 1', '18:14:26.527988', '18:14:26.527988');
INSERT INTO public."Party" VALUES (7, 'Socialist Party', 1, 1, '2024-06-11 12:54:54', '2024-06-19 13:42:22', '2025-06-11 20:39:55.171', 'Salon 1', '18:14:26.527988', '18:14:26.527988');
INSERT INTO public."Party" VALUES (8, 'Green Party', 1, 3, '2024-06-11 12:57:04', '2024-06-11 21:04:19', '2025-06-11 20:39:55.171', 'Salon 1', '18:14:26.527988', '18:14:26.527988');
INSERT INTO public."Party" VALUES (9, 'Libertarian Party', 1, 4, '2024-06-11 13:00:56', '2024-06-21 01:03:19', '2025-06-11 20:39:55.171', 'Salon 1', '18:14:26.527988', '18:14:26.527988');
INSERT INTO public."Party" VALUES (10, 'Independent', 1, 2, '2024-06-11 13:02:21', '2024-06-12 18:51:19', '2025-06-11 20:39:55.171', 'Salon 1', '18:14:26.527988', '18:14:26.527988');
INSERT INTO public."Party" VALUES (1, 'Progressive Party', 1, 6, '2024-06-11 12:23:37', '2024-06-15 05:56:40', '2025-06-11 20:39:55.171', 'Salon 1', '18:14:26.527988', '18:14:26.527988');


--
-- TOC entry 4953 (class 0 OID 31372)
-- Dependencies: 224
-- Data for Name: PartyGuest; Type: TABLE DATA; Schema: public; Owner: postgres
--

INSERT INTO public."PartyGuest" VALUES (2, 10, 'PENDING', '2024-06-11 12:28:26', '2024-06-19 14:09:25', 'barbey.edlington@gmail.com', 'Barbey Edlington', 'Doctus adolescens, ei disputationi interesset. Nam cum ad te ne Graecis quidem cedentem in philosophia audeam scribere? Quamquam a te.', '(810) 996-6207', NULL, NULL);
INSERT INTO public."PartyGuest" VALUES (3, 3, 'ACCEPTED', '2024-06-11 12:30:56', '2024-06-11 20:13:40', 'gert.aucourte@gmail.com', 'Gert Aucourte', 'Voluit, deteriora fecit. Disserendi artem nullam habuit. Voluptatem cum summum bonum esse vult, summumque malum dolorem, idque instituit docere sic: Omne animal, simul atque natum sit, voluptatem appetere eaque gaudere ut summo bono, dolorem aspernari ut summum ex rebus expetendis, quid fugiat ut extremum.', '(502) 390-4639', NULL, NULL);
INSERT INTO public."PartyGuest" VALUES (5, 2, 'INVITED', '2024-06-11 12:49:23', '2024-06-18 06:22:10', 'ardelis.raggatt@bol.com.br', 'Ardelis Raggatt', 'Enim sunt insatiabiles, quae non modo nullam captet, sed etiam effectrices sunt voluptatum tam amicis quam sibi, quibus non solum videamus, sed etiam effectrices sunt voluptatum tam amicis quam sibi, quibus non solum praesentibus fruuntur, sed etiam quid a singulis.', '(817) 938-8167', NULL, NULL);
INSERT INTO public."PartyGuest" VALUES (6, 5, 'PENDING', '2024-06-11 12:58:30', '2024-06-13 19:12:45', 'amos.bonallick@gmail.com', 'Amos Bonallick', 'Adipisci velit, sed quia maiores consequatur. Eadem fortitudinis ratio reperietur. Nam neque laborum perfunctio neque perpessio dolorum per se esse expetendam et insipientiam propter molestias esse fugiendam? Eademque ratione ne temperantiam quidem propter se ipsos amentur. Etenim si delectamur, cum scribimus, quis.', '(334) 780-2416', NULL, NULL);
INSERT INTO public."PartyGuest" VALUES (7, 4, 'ACCEPTED', '2024-06-11 13:08:16', '2024-06-19 15:43:30', 'imogene.mathivat@live.it', 'Imogene Mathivat', 'Probaretur, sed etiam praetereat omnes voluptates, dolores denique quosvis suscipere malit quam deserere ullam officii partem, ad ea.', '(505) 938-9996', NULL, NULL);
INSERT INTO public."PartyGuest" VALUES (8, 9, 'DECLINED', '2024-06-11 13:13:01', '2024-06-21 04:28:09', 'eduino.clewarth@gmail.com', 'Eduino Clewarth', 'Inter nos ea, quae dices, libenter assentiar. Probabo, inquit, modo ista sis aequitate, quam ostendis. Sed uti oratione perpetua malo quam interrogare aut interrogari. Ut placet, inquam. Tum.', '(251) 394-8436', NULL, NULL);
INSERT INTO public."PartyGuest" VALUES (9, 6, 'INVITED', '2024-06-11 13:18:25', '2024-06-16 16:51:52', 'brewster.petrashov@gmail.com', 'Brewster Petrashov', 'Voluptatem maximam adipiscuntur praetermittenda voluptate. Idem etiam dolorem saepe.', '(508) 505-7814', NULL, NULL);
INSERT INTO public."PartyGuest" VALUES (10, 8, 'ACCEPTED', '2024-06-11 13:21:16', '2024-06-15 01:47:46', 'jozef.burfoot@yahoo.de', 'Jozef Burfoot', 'At id ne ferae quidem faciunt, ut ita dicam, et ad corpus.', '(413) 189-5296', NULL, NULL);
INSERT INTO public."PartyGuest" VALUES (11, 8, 'PENDING', '2024-06-11 13:29:22', '2024-06-18 10:13:23', 'lara.farlane@live.com', 'Lara Farlane', 'Iudicari potest non modo singulos homines, sed universas familias evertunt, totam etiam labefactant saepe rem.', '(806) 394-0172', NULL, NULL);
INSERT INTO public."PartyGuest" VALUES (13, 10, 'DECLINED', '2024-06-11 13:45:02', '2024-06-19 11:11:30', 'ermengarde.headon@yahoo.fr', 'Ermengarde Headon', 'Aequum puto, modo quae dicat ille bene noris. Nisi mihi Phaedrum, inquam, tu mentitum aut Zenonem putas, quorum utrumque audivi, cum miraretur.', '(312) 155-5849', NULL, NULL);
INSERT INTO public."PartyGuest" VALUES (14, 3, 'PENDING', '2024-06-11 13:46:19', '2024-06-13 03:54:05', 'maxy.leve@yahoo.com', 'Maxy Leve', 'Inquam, pertinax non ero tibique, si mihi probabis ea, quae.', '(928) 305-2826', NULL, NULL);
INSERT INTO public."PartyGuest" VALUES (15, 6, 'ACCEPTED', '2024-06-11 13:53:29', '2024-06-20 07:16:38', 'izaak.fancourt@gmail.com', 'Izaak Fancourt', 'Mirari satis non queo unde hoc sit tam insolens domesticarum rerum fastidium. Non est omnino hic docendi locus; sed ita prorsus existimo, neque eum Torquatum, qui hoc primus cognomen invenerit.', '(325) 472-1533', NULL, NULL);
INSERT INTO public."PartyGuest" VALUES (16, 5, 'INVITED', '2024-06-11 13:55:58', '2024-06-11 14:30:26', 'corey.scallon@hotmail.com', 'Corey Scallon', 'Possit, ut ab ea nullo modo sine amicitia firmam et perpetuam iucunditatem vitae tenere possumus neque vero ipsam amicitiam tueri, nisi aeque amicos et nosmet ipsos.', '(212) 313-8984', NULL, NULL);
INSERT INTO public."PartyGuest" VALUES (17, 7, 'PENDING', '2024-06-11 14:01:32', '2024-06-17 00:57:44', 'norma.casarini@hotmail.co.uk', 'Norma Casarini', 'Summum nec infimum nec medium nec ultimum nec extremum sit, ita ferri, ut concursionibus inter se dissident atque discordant, ex quo efficiantur ea, quae sint quaeque cernantur, omnia.', '(937) 363-0534', NULL, NULL);
INSERT INTO public."PartyGuest" VALUES (18, 4, 'ACCEPTED', '2024-06-11 14:08:37', '2024-06-16 02:11:20', 'bendick.hinkes@free.fr', 'Bendick Hinkes', 'Id volunt fieri, difficilem quandam temperantiam postulant in eo, quod.', '(816) 012-1388', NULL, NULL);
INSERT INTO public."PartyGuest" VALUES (19, 2, 'INVITED', '2024-06-11 14:17:08', '2024-06-16 04:14:10', 'zacharie.dadda@yahoo.com.br', 'Zacharie D''Adda', 'Menandri legam? A quibus tantum dissentio, ut, cum Sophocles vel optime scripserit Electram, tamen.', '(915) 759-6025', NULL, NULL);
INSERT INTO public."PartyGuest" VALUES (20, 9, 'DECLINED', '2024-06-11 14:26:02', '2024-06-15 07:19:55', 'dorene.philpin@yahoo.com', 'Dorene Philpin', 'Inpotenti iniuste facta conducunt, qui nec facile efficere possit, quod conetur, nec optinere, si effecerit, et opes vel.', '(205) 842-0457', NULL, NULL);
INSERT INTO public."PartyGuest" VALUES (21, 8, 'PENDING', '2024-06-11 14:27:59', '2024-06-17 23:39:55', 'kaitlyn.wherrit@hotmail.com', 'Kaitlyn Wherrit', 'Mente consedit, hoc ipso, quod adest, turbulenta est; si vero molita quippiam est, quamvis occulte fecerit.', '(415) 380-9608', NULL, NULL);
INSERT INTO public."PartyGuest" VALUES (22, 7, 'ACCEPTED', '2024-06-11 14:29:30', '2024-06-11 23:08:45', 'elaine.skelington@sfr.fr', 'Elaine Skelington', 'Et ii quidem eruditi Graecis litteris, contemnentes Latinas, qui se Latina scripta dicunt contemnere. In quibus tam multis tamque variis ab ultima antiquitate repetitis tria vix amicorum paria reperiuntur, ut.', '(614) 624-9017', NULL, NULL);
INSERT INTO public."PartyGuest" VALUES (23, 10, 'DECLINED', '2024-06-11 14:34:44', '2024-06-16 09:32:32', 'cordy.dilloway@yahoo.com', 'Cordy Dilloway', 'De omnium virtutum cursu ad voluptatem proprius disserendi locus. Nunc autem explicabo, voluptas ipsa quae qualisque sit, ut tollatur error.', '(352) 840-7760', NULL, NULL);
INSERT INTO public."PartyGuest" VALUES (24, 3, 'INVITED', '2024-06-11 14:40:21', '2024-06-21 06:04:47', 'jinny.bettley@yahoo.com', 'Jinny Bettley', 'Autem ego dicam voluptatem, iam videtis, ne invidia verbi labefactetur oratio mea --. Nam cum ignoratione rerum bonarum et malarum maxime hominum vita vexetur.', '(336) 004-8290', NULL, NULL);
INSERT INTO public."PartyGuest" VALUES (26, 2, 'DECLINED', '2024-06-11 14:53:15', '2024-06-13 05:54:58', 'boycie.heynen@yahoo.com', 'Boycie Heynen', 'Aspernatur aut odit aut fugit, sed quia consequuntur magni dolores eos, qui ratione voluptatem sequi nesciunt, neque porro.', '(803) 078-4001', NULL, NULL);
INSERT INTO public."PartyGuest" VALUES (27, 5, 'ACCEPTED', '2024-06-11 14:55:32', '2024-06-18 10:48:52', 'daniela.yerlett@yahoo.com', 'Daniela Yerlett', 'De Graecis? Nam si concederetur, etiamsi ad corpus referri, nec ob eam causam non fuisse. -- Torquem detraxit hosti. -- Et quidem se texit.', '(646) 648-1328', NULL, NULL);
INSERT INTO public."PartyGuest" VALUES (28, 4, 'PENDING', '2024-06-11 14:59:31', '2024-06-12 09:38:55', 'valida.linwood@yahoo.es', 'Valida Linwood', 'Scientiam non ipsius artis, sed bonae valetudinis causa probamus, et gubernatoris ars, quia bene navigandi rationem habet, utilitate, non arte laudatur, sic sapientia, quae ars vivendi putanda est, non satis politus iis artibus, quas qui tenent, eruditi appellantur -- aut ne deterruisset alios a.', '(513) 138-9683', NULL, NULL);
INSERT INTO public."PartyGuest" VALUES (1, 7, 'DECLINED', '2024-06-11 12:23:37', '2024-06-14 01:34:52', 'gabbi.worman@hotmail.com', 'Gabbi Worman', 'Et cognitio rerum, quod minime ille.', '(919) 971-4337', 'https://hips.hearstapps.com/hmg-prod/images/camiseta-baby-yoda-1577374646.jpg?crop=1xw:1xh;center,top&resize=1200:*', NULL);
INSERT INTO public."PartyGuest" VALUES (12, 1, 'DECLINED', '2024-06-11 13:37:17', '2025-06-14 16:49:02.763', 'veda.sinson@yahoo.com', 'Veda Sinson', 'Studiose antiqua persequeris, claris et fortibus viris commemorandis eorumque factis non emolumento aliquo, sed ipsius honestatis decore laudandis, id totum evertitur eo delectu rerum, quem modo dixi, constituto, ut aut reiciendis voluptatibus maiores alias consequatur aut perferendis doloribus asperiores.', '(814) 536-4700', NULL, 101);
INSERT INTO public."PartyGuest" VALUES (29, 9, 'DECLINED', '2024-06-11 15:07:16', '2024-06-17 18:13:58', 'marty.denmead@hotmail.com', 'Marty Denmead', 'Posse a voluptate aut a dolore. Quod cum ita esset affecta, secundum non recte, si voluptas esset bonum, desideraret.'' .', '(209) 641-6354', NULL, NULL);
INSERT INTO public."PartyGuest" VALUES (30, 6, 'PENDING', '2024-06-11 15:12:46', '2024-06-18 14:50:57', 'hubie.catchpole@aol.com', 'Hubie Catchpole', 'Desiderabile concupiscunt, plusque in ipsa iniuria detrimenti est quam in iis corrigere voluit, deteriora fecit. Disserendi artem nullam habuit. Voluptatem cum summum bonum in.', '(760) 748-2068', NULL, NULL);
INSERT INTO public."PartyGuest" VALUES (31, 3, 'ACCEPTED', '2024-06-11 15:21:00', '2024-06-15 03:06:10', 'vittorio.gyenes@hotmail.com', 'Vittorio Gyenes', 'Exorsus est. Primum igitur, inquit, sic agam, ut ipsi auctori huius disciplinae placet: constituam, quid et quale sit id, de quo quaerimus, non quo.', '(512) 549-4105', NULL, NULL);
INSERT INTO public."PartyGuest" VALUES (33, 2, 'ACCEPTED', '2024-06-11 15:31:30', '2024-06-18 23:15:11', 'gene.menichillo@yahoo.com', 'Gene Menichillo', 'Dolor, non existimant oportere nimium nos causae confidere, sed et argumentandum et accurate disserendum et rationibus conquisitis de voluptate et dolore disputandum putant. Sed ut omittam pericula, labores, dolorem etiam, quem optimus quisque pro patria et pro suis suscipit, ut non dicas, quid non probes eius, a quo dissentias. Quid enim est una, quae maestitiam pellat.', '(816) 458-0406', NULL, NULL);
INSERT INTO public."PartyGuest" VALUES (34, 5, 'PENDING', '2024-06-11 15:40:05', '2024-06-12 19:17:43', 'jacquenette.pate@yahoo.com', 'Jacquenette Pate', 'Quidem propter se esse iucunda, per se esset et virtus et cognitio rerum, quod minime ille vult expetenda. Haec igitur Epicuri.', '(513) 868-6149', NULL, NULL);
INSERT INTO public."PartyGuest" VALUES (35, 4, 'DECLINED', '2024-06-11 15:41:27', '2024-06-17 15:48:18', 'eugine.yann@hotmail.com', 'Eugine Yann', 'Altera occulta quaedam et horrida, de malis Graecis Latine scripta.', '(480) 578-8170', NULL, NULL);
INSERT INTO public."PartyGuest" VALUES (36, 9, 'INVITED', '2024-06-11 15:43:54', '2024-06-20 04:12:58', 'mina.goodings@hotmail.com', 'Mina Goodings', 'Litteras vocent, genus hoc scribendi, etsi sit elegans, personae tamen et dignitatis esse negent. Contra quos omnis dicendum breviter existimo. Quamquam philosophiae quidem vituperatoribus satis responsum est eo libro, quo a nobis sic intelleges eitam, ut ab ea nullo modo poterimus sensuum iudicia defendere. Quicquid.', '(330) 897-0792', NULL, NULL);
INSERT INTO public."PartyGuest" VALUES (37, 6, 'INVITED', '2024-06-11 15:50:41', '2024-06-19 20:43:43', 'arman.rearie@gmail.com', 'Arman Rearie', 'Tractavissent, ea Latinis litteris mandaremus, fore ut hic noster labor in varias reprehensiones incurreret. Nam quibusdam, et iis quidem non admodum flagitem. Re mihi non aeque satisfacit, et quidem tibi et declinationem istam atomorum et magnitudinem solis probabo et Democriti errata ab Epicuro scriptum est et expedita distinctio. Nam libero tempore, cum soluta nobis est eligendi optio, cumque nihil impedit, quo minus omnes mea legant.', '(806) 432-2572', NULL, NULL);
INSERT INTO public."PartyGuest" VALUES (38, 8, 'ACCEPTED', '2024-06-11 15:57:09', '2024-06-20 03:26:33', 'dicky.antonias@gmail.com', 'Dicky Antonias', 'Horrida, de malis Graecis Latine scripta deterius. Quibus ego assentior, dum modo de isdem rebus ne Graecos quidem legendos putent. Res vero bonas verbis.', '(314) 833-8348', NULL, NULL);
INSERT INTO public."PartyGuest" VALUES (39, 7, 'PENDING', '2024-06-11 16:05:55', '2024-06-18 19:43:47', 'nollie.waghorne@hotmail.com', 'Nollie Waghorne', 'Si omnia dixi hausta e fonte naturae, si tota oratio nostra omnem sibi fidem sensibus confirmat, id est vel summum bonorum vel ultimum vel.', '(515) 089-8373', NULL, NULL);
INSERT INTO public."PartyGuest" VALUES (40, 10, 'DECLINED', '2024-06-11 16:12:02', '2024-06-19 12:55:56', 'carine.durbin@yahoo.com', 'Carine Durbin', 'Nulla ad legendum his esse potiora. Quid est cur dubitemus dicere et sapientiam propter voluptates expetendam et insipientiam propter molestias esse fugiendam? Eademque ratione ne temperantiam quidem propter se esse fugiendum. Itaque aiunt hanc quasi naturalem.', '(502) 813-7756', NULL, NULL);
INSERT INTO public."PartyGuest" VALUES (41, 7, 'PENDING', '2024-06-11 16:16:11', '2024-06-18 03:03:34', 'elicia.benka@gmail.com', 'Elicia Benka', 'In utroque studium, deinde Torquatus: Quoniam nacti te, inquit, sumus aliquando otiosum, certe audiam, quid sit, quod Epicurum nostrum non tu quidem oderis, ut fere faciunt, qui ab eo dissentiunt.', '(303) 546-4952', NULL, NULL);
INSERT INTO public."PartyGuest" VALUES (42, 10, 'ACCEPTED', '2024-06-11 16:22:46', '2024-06-12 22:53:44', 'maximilian.hinken@hotmail.com', 'Maximilian Hinken', 'Mediocrium nos esse dominos, ut, si tolerabiles sint, feramus, si minus, animo aequo e vita, cum ea non placeat, tamquam e theatro exeamus. Quibus.', '(407) 568-2065', NULL, NULL);
INSERT INTO public."PartyGuest" VALUES (43, 2, 'DECLINED', '2024-06-11 16:32:31', '2024-06-20 00:14:07', 'gonzalo.kincla@yahoo.it', 'Gonzalo Kincla', 'Ad minuendas vitae molestias accessio potest fieri, quanta ad augendas, cum conscientia factorum, tum poena legum odioque civium? Et tamen ego a philosopho, si afferat eloquentiam, non asperner.', '(414) 502-8248', NULL, NULL);
INSERT INTO public."PartyGuest" VALUES (44, 9, 'INVITED', '2024-06-11 16:35:41', '2024-06-11 21:23:45', 'arvie.goult@shaw.ca', 'Arvie Goult', 'Et simplicem et directam viam! Cum enim certe nihil homini possit melius esse quam vacare omni.', '(734) 112-9399', NULL, NULL);
INSERT INTO public."PartyGuest" VALUES (45, 6, 'PENDING', '2024-06-11 16:40:03', '2024-06-14 15:05:32', 'abigale.cormack@yahoo.com', 'Abigale Cormack', 'Recusandae. Itaque earum rerum hic tenetur a sapiente delectus, ut aut voluptates omittantur maiorum voluptatum adipiscendarum causa aut dolores suscipiantur maiorum dolorum effugiendorum gratia. Sed de clarorum hominum factis illustribus et gloriosis satis hoc loco dictum sit. Erit enim iam de omnium virtutum cursu ad voluptatem proprius disserendi locus. Nunc autem explicabo, voluptas ipsa quae qualisque.', '(805) 961-3800', NULL, NULL);
INSERT INTO public."PartyGuest" VALUES (47, 4, 'DECLINED', '2024-06-11 16:51:11', '2024-06-19 23:00:31', 'aida.tyght@gmail.com', 'Aida Tyght', 'In conspectum suum venire vetuit, numquid tibi videtur de voluptatibus suis cogitavisse? Sed ut perspiciatis, unde omnis iste natus error sit voluptatem accusantium doloremque laudantium, totam rem aperiam eaque ipsa, quae laudatur, industria, ne fortitudo quidem, sed ista sequimur, ut.', '(915) 029-4731', NULL, NULL);
INSERT INTO public."PartyGuest" VALUES (48, 3, 'ACCEPTED', '2024-06-11 16:57:43', '2024-06-13 18:19:04', 'anna.medmore@hotmail.com', 'Anna Medmore', 'Contenta sit, et parabilis et terminatas habet; inanium autem cupiditatum nec modus ullus nec finis inveniri potest. Quodsi corporis gravioribus morbis vitae iucunditas impeditur.', '(719) 743-3717', NULL, NULL);
INSERT INTO public."PartyGuest" VALUES (49, 8, 'PENDING', '2024-06-11 17:01:02', '2024-06-16 20:15:03', 'wanda.tunniclisse@gmail.com', 'Wanda Tunniclisse', 'Optimus quisque pro patria et pro suis suscipit, ut non plus voluptatum habeat quam dolorum. Nam et complectitur verbis, quod vult, et dicit plane, quod intellegam.', '(217) 663-8313', NULL, NULL);
INSERT INTO public."PartyGuest" VALUES (50, 5, 'INVITED', '2024-06-11 17:07:16', '2024-06-19 07:56:00', 'mela.pavic@gmail.com', 'Mela Pavic', 'Ad quorum iudicium elaboraret, et sunt illius scripta leviora, ut urbanitas summa appareat, doctrina mediocris. Ego autem quem timeam lectorem, cum ad me de virtute misisti. Sed ex eo est consecutus? -- Laudem et caritatem, quae sunt vitae sine metu vivere. Quae est enim aut utilior aut ad miseram vitam afferre momenti quam eorum utrumvis, si.', '(941) 665-3976', NULL, NULL);
INSERT INTO public."PartyGuest" VALUES (51, 7, 'DECLINED', '2024-06-11 17:15:44', '2024-06-18 12:01:50', 'lindy.skelbeck@me.com', 'Lindy Skelbeck', 'Platonis, Aristoteli, Theophrasti orationis ornamenta.', '(480) 843-3913', NULL, NULL);
INSERT INTO public."PartyGuest" VALUES (52, 1, 'ACCEPTED', '2024-06-11 17:21:17', '2024-06-19 05:34:53', 'celestine.roarty@gmail.com', 'Celestine Roarty', 'Naturae patrioque amori praetulerit ius maiestatis atque imperii. Quid? T. Torquatus, is qui consul cum Cn. Octavio fuit, cum illam severitatem in eo non arbitrantur. Erunt etiam, et ii quidem eruditi Graecis.', '(732) 868-1096', NULL, NULL);
INSERT INTO public."PartyGuest" VALUES (100, 3, 'DECLINED', '2024-06-11 22:02:10', '2024-06-18 19:04:22', 'hope.colleran@gmail.com', 'Hope Colleran', 'In philosophia audeam scribere? Quamquam a te ipso id quidem.', '(202) 355-3386', NULL, NULL);
INSERT INTO public."PartyGuest" VALUES (53, 2, 'INVITED', '2024-06-11 17:29:07', '2024-06-17 14:28:03', 'mannie.dykas@aol.com', 'Mannie Dykas', 'Disciplinam probant, non soleat accuratius explicari; verum enim invenire volumus, non tamquam adversarium aliquem convincere. Accurate autem quondam a L. Torquato, homine omni doctrina erudito, defensa est Epicuri sententia de.', '(812) 771-7838', NULL, NULL);
INSERT INTO public."PartyGuest" VALUES (54, 6, 'DECLINED', '2024-06-11 17:38:08', '2024-06-16 22:21:14', 'jacquelynn.roskell@aol.com', 'Jacquelynn Roskell', 'Vel paulo aut maiorem aut minorem. Ita, quae mutat, ea corrumpit, quae sequitur.', '(770) 818-2783', NULL, NULL);
INSERT INTO public."PartyGuest" VALUES (55, 8, 'PENDING', '2024-06-11 17:44:23', '2024-06-16 19:51:46', 'sabina.hapgood@gmail.com', 'Sabina Hapgood', 'Vivere. Id qui in una virtute ponunt et splendore nominis capti quid natura desideret. Tum vero.', '(804) 523-0026', NULL, NULL);
INSERT INTO public."PartyGuest" VALUES (56, 4, 'ACCEPTED', '2024-06-11 17:47:06', '2024-06-16 00:53:17', 'raul.elfitt@yahoo.co.uk', 'Raul Elfitt', 'Ipsa iniuria detrimenti est quam in iis.', '(602) 368-5042', NULL, NULL);
INSERT INTO public."PartyGuest" VALUES (57, 10, 'ACCEPTED', '2024-06-11 17:48:22', '2024-06-17 03:18:19', 'olav.latliff@gmail.com', 'Olav Latliff', 'Laetitia, si bona. O praeclaram beate vivendi et apertam et simplicem et directam viam! Cum enim certe nihil.', '(603) 931-0909', NULL, NULL);
INSERT INTO public."PartyGuest" VALUES (58, 3, 'DECLINED', '2024-06-11 17:52:55', '2024-06-15 12:42:11', 'tremayne.duferie@gmail.com', 'Tremayne Duferie', 'Litterae, quid historiae cognitioque rerum, quid poetarum evolutio, quid tanta tot versuum memoria voluptatis affert? Nec mihi tamen, ne faciam, interdictum puto. Locos quidem quosdam, si videbitur, transferam, et maxime ab iis, quos ego posse iudicare arbitrarer, plura suscepi veritus.', '(304) 868-3567', NULL, NULL);
INSERT INTO public."PartyGuest" VALUES (59, 9, 'INVITED', '2024-06-11 18:02:48', '2024-06-18 14:10:14', 'bernhard.goldney@yahoo.com', 'Bernhard Goldney', 'Autem esse bonorum eum voluptate vivere. Huic certae stabilique sententiae quae sint quaeque cernantur, omnia, eumque motum atomorum nullo a principio, sed ex aeterno tempore intellegi convenire. Epicurus autem, in.', '(505) 021-3916', NULL, NULL);
INSERT INTO public."PartyGuest" VALUES (60, 5, 'PENDING', '2024-06-11 18:12:17', '2024-06-20 09:19:55', 'nanette.edgworth@hotmail.com', 'Nanette Edgworth', 'Minuendas vitae molestias accessio potest fieri, quanta ad augendas, cum conscientia factorum, tum poena legum odioque civium? Et tamen ego a philosopho, si afferat eloquentiam, non asperner, si non habeat, non admodum flagitem. Re mihi non.', '(305) 012-7257', NULL, NULL);
INSERT INTO public."PartyGuest" VALUES (61, 10, 'INVITED', '2024-06-11 18:20:19', '2024-06-12 19:06:19', 'brockie.fossick@cox.net', 'Brockie Fossick', 'Exitum potest, nisi derigatur ad voluptatem, voluptas autem est sola, quae nos vocet ad se et Consentinis et Siculis scribere. Facete is quidem, sicut alia; sed neque tam docti tum erant, ad quorum iudicium elaboraret, et sunt illius scripta leviora, ut urbanitas summa appareat, doctrina mediocris. Ego autem quem timeam lectorem, cum ad me de virtute misisti. Sed ex eo est consecutus? -- Laudem et caritatem, quae sunt vitae sine.', '(727) 309-1958', NULL, NULL);
INSERT INTO public."PartyGuest" VALUES (62, 3, 'DECLINED', '2024-06-11 18:25:54', '2024-06-16 10:53:37', 'daron.greeveson@yahoo.com', 'Daron Greeveson', 'Laudabilis eo referri, ut cum voluptate conectitur. Nam et laetamur amicorum laetitia aeque atque nostra et pariter dolemus angoribus. Quocirca eodem modo sapiens erit affectus erga amicum, quo in se ipsum, quosque labores propter suam voluptatem susciperet, eosdem suscipiet propter.', '(210) 117-9244', NULL, NULL);
INSERT INTO public."PartyGuest" VALUES (63, 5, 'ACCEPTED', '2024-06-11 18:35:11', '2024-06-15 05:53:15', 'trey.fossord@yahoo.com', 'Trey Fossord', 'Studium, deinde Torquatus: Quoniam nacti te, inquit, sumus aliquando otiosum, certe audiam, quid sit, quod Epicurum nostrum non tu quidem oderis, ut fere faciunt, qui ab eo delectari, quod ista Platonis, Aristoteli, Theophrasti.', '(561) 539-6464', NULL, NULL);
INSERT INTO public."PartyGuest" VALUES (65, 7, 'DECLINED', '2024-06-11 18:42:01', '2024-06-16 10:11:23', 'angelica.glackin@comcast.net', 'Angelica Glackin', 'Putant. Quae autem inanes sunt, iis parendum non est. Nihil enim desiderabile concupiscunt, plusque in ipsa iniuria detrimenti est quam in iis corrigere voluit, deteriora fecit. Disserendi artem nullam habuit. Voluptatem cum summum bonum in voluptate ponit, quod summum bonum.', '(336) 031-9472', NULL, NULL);
INSERT INTO public."PartyGuest" VALUES (66, 2, 'INVITED', '2024-06-11 18:48:53', '2024-06-15 14:35:03', 'cris.rosewall@yahoo.com', 'Cris Rosewall', 'Cursu ad voluptatem proprius disserendi locus. Nunc autem explicabo, voluptas ipsa quae qualisque sit, ut tollatur error omnis imperitorum intellegaturque ea, quae voluptaria, delicata, mollis habeatur disciplina, quam gravis, quam continens, quam severa sit. Non enim hanc solam sequimur, quae suavitate aliqua naturam ipsam movet et cum iucunditate quadam percipitur sensibus, sed maximam voluptatem illam habemus.', '(816) 600-4604', NULL, NULL);
INSERT INTO public."PartyGuest" VALUES (67, 6, 'PENDING', '2024-06-11 18:55:47', '2024-06-17 15:35:49', 'andee.loveredge@yahoo.com', 'Andee Loveredge', 'Graecis? Nam si ea sola voluptas esset, quae quasi delapsa de caelo est ad.', '(704) 611-1877', NULL, NULL);
INSERT INTO public."PartyGuest" VALUES (68, 4, 'ACCEPTED', '2024-06-11 18:56:59', '2024-06-19 06:41:43', 'henrik.boone@rambler.ru', 'Henrik Boone', 'Ego et Triarius te hortatore facimus, consumeret, in quibus hoc primum est in voluptate aut a voluptate discedere. Nam cum solitudo et.', '(330) 003-6076', NULL, NULL);
INSERT INTO public."PartyGuest" VALUES (69, 9, 'PENDING', '2024-06-11 19:03:43', '2024-06-20 14:45:08', 'harriett.kilminster@yahoo.com', 'Harriett Kilminster', 'Singulis philosophiae disciplinis diceretur, persecuti sumus. Ut autem a facillimis.', '(213) 770-8460', NULL, NULL);
INSERT INTO public."PartyGuest" VALUES (70, 8, 'DECLINED', '2024-06-11 19:08:38', '2024-06-17 14:40:20', 'libbey.treadger@yahoo.com', 'Libbey Treadger', 'Adipiscing elit, sed do eiusmod tempor incididunt ut labore et dolore magna aliqua. Ut enim ad sapientiam perveniri potest, non paranda nobis solum ea, sed fruenda etiam sapientia est; sive hoc difficile est, tamen nec modus est ullus investigandi veri, nisi inveneris, et quaerendi defatigatio turpis est, cum esset accusata et vituperata ab Hortensio. Qui liber cum et mortem contemnit, qua qui est imbutus quietus esse numquam potest. Praeterea bona.', '(859) 957-6576', NULL, NULL);
INSERT INTO public."PartyGuest" VALUES (71, 4, 'INVITED', '2024-06-11 19:10:43', '2024-06-21 14:14:28', 'maynord.janota@yahoo.com', 'Maynord Janota', 'Dignissimos ducimus, qui blanditiis praesentium voluptatum deleniti atque corrupti, quos dolores et quas molestias excepturi sint, obcaecati cupiditate non provident, similique sunt in eadem causa sunt, qua ante quam nati, et ad dolores ita paratus est, ut Epicuro placet.', '(302) 066-9481', NULL, NULL);
INSERT INTO public."PartyGuest" VALUES (72, 3, 'ACCEPTED', '2024-06-11 19:17:26', '2024-06-15 01:18:20', 'ambrosio.egdal@ig.com.br', 'Ambrosio Egdal', 'Vivendi artem tantam tamque et operosam et perinde fructuosam relinqueret? Non ergo Epicurus ineruditus, sed ii indocti, qui, quae pueros non didicisse turpe est, ea putant usque ad senectutem esse discenda. Quae cum dixisset, Explicavi, inquit.', '(505) 981-1645', NULL, NULL);
INSERT INTO public."PartyGuest" VALUES (73, 6, 'DECLINED', '2024-06-11 19:25:17', '2024-06-18 01:34:38', 'paco.kells@outlook.com', 'Paco Kells', 'Misisti. Sed ex eo credo quibusdam usu venire; ut abhorreant a Latinis, quod inciderint in inculta quaedam et quasi architecto.', '(336) 545-1170', NULL, NULL);
INSERT INTO public."PartyGuest" VALUES (74, 8, 'INVITED', '2024-06-11 19:28:53', '2024-06-18 18:30:37', 'mariele.rabson@gmail.com', 'Mariele Rabson', 'Negat opus esse ratione neque disputatione, quam ob rem voluptas expetenda, fugiendus dolor sit. Sentiri haec putat, ut calere ignem, nivem esse albam, dulce mel. Quorum nihil oportere exquisitis rationibus confirmare, tantum satis esse admonere. Interesse enim inter argumentum conclusionemque rationis et inter mediocrem animadversionem.', '(386) 014-3935', NULL, NULL);
INSERT INTO public."PartyGuest" VALUES (75, 2, 'PENDING', '2024-06-11 19:38:21', '2024-06-14 15:09:15', 'morey.gartell@yahoo.com', 'Morey Gartell', 'Se ipse dissidens secumque discordans gustare partem ullam liquidae voluptatis et liberae potest. Atqui pugnantibus et contrariis studiis.', '(909) 246-9250', NULL, NULL);
INSERT INTO public."PartyGuest" VALUES (76, 5, 'ACCEPTED', '2024-06-11 19:47:58', '2024-06-19 22:19:15', 'madonna.challens@hotmail.com', 'Madonna Challens', 'Et impetus quo pertineant non intellegamus, tu tam egregios viros censes tantas res gessisse sine causa? Quae fuerit causa, mox videro; interea hoc tenebo, si ob aliquam causam ista, quae.', '(414) 403-2383', NULL, NULL);
INSERT INTO public."PartyGuest" VALUES (77, 10, 'INVITED', '2024-06-11 19:54:38', '2024-06-20 02:50:09', 'carolann.bamforth@yahoo.com', 'Carolann Bamforth', 'Nihil tranquilli potest. Quodsi vitam omnem perturbari videmus errore et inscientia, sapientiamque esse solam, quae nos vocet ad se et Consentinis et Siculis scribere. Facete is quidem, sicut alia; sed neque tam docti tum erant, ad quorum iudicium elaboraret, et sunt illius scripta leviora, ut.', '(206) 918-7611', NULL, NULL);
INSERT INTO public."PartyGuest" VALUES (78, 9, 'PENDING', '2024-06-11 19:56:09', '2024-06-16 17:13:09', 'jeanine.stennet@gmail.com', 'Jeanine Stennet', 'Hoc honesto nullam requirere voluptatem atque ad beate vivendum se ipsa esse contentam. Sed.', '(405) 853-4705', NULL, NULL);
INSERT INTO public."PartyGuest" VALUES (79, 1, 'ACCEPTED', '2024-06-11 20:02:24', '2024-06-13 23:49:12', 'davie.kivits@yahoo.com', 'Davie Kivits', 'Quae est enim contra Cyrenaicos satis acute, nihil ad iucunde vivendum reperiri posse, quod coniunctione tali sit aptius. Quibus ex omnibus iudicari potest non.', '(319) 348-6022', NULL, NULL);
INSERT INTO public."PartyGuest" VALUES (80, 7, 'DECLINED', '2024-06-11 20:11:42', '2024-06-17 10:13:11', 'milka.clarey@yahoo.com', 'Milka Clarey', 'Voluptate vivatur. Quoniam autem id est laborum et dolorum fuga. Et harum quidem rerum facilis est et expedita distinctio. Nam libero tempore, cum soluta nobis est eligendi optio, cumque nihil impedit, quo minus omnes mea legant. Utinam esset ille Persius, Scipio vero et Rutilius multo etiam magis, quorum ille iudicium reformidans Tarentinis ait se et alliciat suapte natura, non potest esse dubium, quin id sit summum atque extremum bonorum omnium.', '(913) 318-0588', NULL, NULL);
INSERT INTO public."PartyGuest" VALUES (81, 5, 'PENDING', '2024-06-11 20:12:48', '2024-06-18 21:27:45', 'curt.feifer@comcast.net', 'Curt Feifer', 'Postulant in eo, qui ita sit affectus, eum necesse est in Ceramico Chrysippi sedentis porrecta manu, quae manus significet illum in hae esse rogatiuncula delectatum: ''Numquidnam manus tua sic affecta, quem ad me.', '(505) 264-5128', NULL, NULL);
INSERT INTO public."PartyGuest" VALUES (82, 4, 'DECLINED', '2024-06-11 20:22:38', '2024-06-13 18:30:41', 'sybil.bartlet@hotmail.com', 'Sybil Bartlet', 'Victi et debilitati obiecta specie voluptatis tradunt se libidinibus constringendos nec quid eventurum sit provident ob eamque causam propter voluptatem et dolorem. Ad haec et quae fugiamus refert omnia. Quod quamquam Aristippi est a Cyrenaicisque melius liberiusque defenditur, tamen.', '(303) 645-9940', NULL, NULL);
INSERT INTO public."PartyGuest" VALUES (83, 9, 'INVITED', '2024-06-11 20:28:34', '2024-06-15 13:28:53', 'edouard.kliche@yahoo.com', 'Edouard Kliche', 'Incorruptis atque integris testibus, si infantes pueri, mutae etiam bestiae paene loquuntur magistra ac duce natura nihil esse maius amicitia, nihil uberius, nihil iucundius. Nec vero hoc oratione solum, sed.', '(717) 996-4915', NULL, NULL);
INSERT INTO public."PartyGuest" VALUES (84, 7, 'ACCEPTED', '2024-06-11 20:30:06', '2024-06-12 13:19:55', 'lenci.simison@gmail.com', 'Lenci Simison', 'Successionem efficit voluptatis. Itaque non placuit Epicuro medium esse quiddam inter dolorem et voluptatem; illud enim.', '(520) 601-1162', NULL, NULL);
INSERT INTO public."PartyGuest" VALUES (85, 6, 'PENDING', '2024-06-11 20:38:52', '2024-06-20 14:02:33', 'mead.chesher@yahoo.com', 'Mead Chesher', 'Si id non faciant, incidant in maiorem. Ex quo efficeretur mundus omnesque partes mundi, quaeque in eo ipso parum vidit, deinde hoc quoque alienum; nam ante Aristippus, et ille melius. Addidisti ad extremum etiam indoctum fuisse. Fieri, inquam, Triari, nullo pacto potest, ut propemodum iustioribus utamur illis, qui.', '(713) 667-7636', NULL, NULL);
INSERT INTO public."PartyGuest" VALUES (86, 1, 'DECLINED', '2024-06-11 20:43:12', '2024-06-18 19:30:40', 'muhammad.mcrill@hotmail.com', 'Muhammad McRill', 'Eo ipso parum vidit, deinde hoc quoque alienum; nam ante Aristippus, et ille melius. Addidisti ad extremum etiam.', '(832) 958-5675', NULL, NULL);
INSERT INTO public."PartyGuest" VALUES (87, 8, 'INVITED', '2024-06-11 20:51:14', '2024-06-20 02:55:54', 'nicky.mengo@yahoo.com', 'Nicky Mengo', 'Inanes divitiarum, gloriae, dominationis, libidinosarum etiam voluptatum. Accedunt aegritudines, molestiae, maerores, qui exedunt.', '(205) 540-2958', NULL, NULL);
INSERT INTO public."PartyGuest" VALUES (88, 10, 'ACCEPTED', '2024-06-11 20:53:23', '2024-06-14 22:13:53', 'vivianna.judkins@gmail.com', 'Vivianna Judkins', 'His litteris arbitramur, in quibus, quantum potuimus, non modo voluptatem esse, verum etiam summam voluptatem. Quisquis enim sentit, quem ad modum eae semper voluptatibus inhaererent, eadem de amicitia dicenda sunt. Praeclare enim Epicurus.', '(757) 272-5078', NULL, NULL);
INSERT INTO public."PartyGuest" VALUES (89, 2, 'ACCEPTED', '2024-06-11 21:00:43', '2024-06-21 02:43:20', 'trever.rowan@gmail.com', 'Trever Rowan', 'De philosophia litteris mandamus, legere assueverit, iudicabit nulla ad legendum his esse potiora. Quid est enim aut utilior aut ad miseram vitam afferre momenti quam eorum utrumvis, si aeque diu.', '(361) 056-0595', NULL, NULL);
INSERT INTO public."PartyGuest" VALUES (90, 3, 'INVITED', '2024-06-11 21:06:36', '2024-06-20 00:52:47', 'malory.gurnee@hotmail.com', 'Malory Gurnee', 'Et iustius? Sunt autem, qui dicant foedus esse quoddam sapientium, ut ne minus amicos.', '(205) 557-5302', NULL, NULL);
INSERT INTO public."PartyGuest" VALUES (91, 6, 'DECLINED', '2024-06-11 21:13:52', '2024-06-21 05:39:30', 'avram.conrart@yahoo.com', 'Avram Conrart', 'Ennius, Afranius a Menandro solet. Nec vero, ut noster Lucilius, recusabo, quo minus id, quod maxime placeat, facere possimus, omnis voluptas assumenda est, omnis dolor repellendus. Temporibus autem quibusdam et aut officiis debitis aut rerum necessitatibus saepe eveniet, ut et voluptates et dolores animi quam corporis. Nam corpore nihil nisi.', '(407) 520-3562', NULL, NULL);
INSERT INTO public."PartyGuest" VALUES (92, 5, 'PENDING', '2024-06-11 21:16:13', '2024-06-18 17:52:20', 'burnard.aizic@hotmail.com', 'Burnard Aizic', 'Quando enim nobis, vel dicam aut oratoribus bonis aut poetis, postea quidem quam fuit quem imitarentur, ullus orationis vel copiosae vel elegantis ornatus defuit? Ego vero, quoniam forensibus operis, laboribus, periculis non deseruisse mihi videor praesidium, in quo a populo Romano locatus sum, debeo profecto.', '(504) 660-1804', NULL, NULL);
INSERT INTO public."PartyGuest" VALUES (93, 7, 'INVITED', '2024-06-11 21:21:02', '2024-06-14 14:39:25', 'evangelin.petrollo@hotmail.com', 'Evangelin Petrollo', 'Summis ingeniis exquisitaque doctrina philosophi Graeco sermone tractavissent, ea Latinis litteris mandaremus, fore ut hic noster labor in varias reprehensiones incurreret. Nam quibusdam, et iis quidem non admodum indoctis, totum hoc displicet philosophari. Quidam autem non.', '(412) 470-4245', NULL, NULL);
INSERT INTO public."PartyGuest" VALUES (94, 4, 'PENDING', '2024-06-11 21:28:22', '2024-06-19 05:01:24', 'martie.scroxton@tiscali.co.uk', 'Martie Scroxton', 'Poetis aut inertissimae segnitiae est aut fastidii delicatissimi. Mihi quidem videtur. Ac fieri potest, ut errem, sed ita sentio et.', '(316) 548-3385', NULL, NULL);
INSERT INTO public."PartyGuest" VALUES (95, 2, 'ACCEPTED', '2024-06-11 21:33:10', '2024-06-19 09:05:17', 'judah.prangnell@hotmail.com', 'Judah Prangnell', 'Latinas, qui se Latina scripta dicunt contemnere.', '(843) 091-5951', NULL, NULL);
INSERT INTO public."PartyGuest" VALUES (96, 9, 'DECLINED', '2024-06-11 21:37:49', '2024-06-14 14:56:10', 'sutherland.counter@hotmail.com', 'Sutherland Counter', 'Paulo ante cum memoriter, tum etiam erga nos amice et benivole collegisti, nec me tamen laudandis maioribus meis corrupisti nec segniorem ad respondendum reddidisti. Quorum facta quem ad modum eae semper voluptatibus inhaererent, eadem de amicitia.', '(801) 556-6149', NULL, NULL);
INSERT INTO public."PartyGuest" VALUES (97, 8, 'INVITED', '2024-06-11 21:45:03', '2024-06-12 11:13:37', 'bessie.flicker@hotmail.com', 'Bessie Flicker', 'In Graecis legendis operam malle consumere. Postremo aliquos futuros suspicor, qui me ad alias litteras vocent, genus hoc scribendi, etsi sit elegans, personae tamen.', '(818) 776-0086', NULL, NULL);
INSERT INTO public."PartyGuest" VALUES (98, 1, 'PENDING', '2024-06-11 21:50:15', '2024-06-21 08:27:30', 'chery.dumblton@orange.fr', 'Chery Dumblton', 'Splendore nominis capti quid natura postulet non intellegunt, errore maximo, si Epicurum audire voluerint, liberabuntur: istae enim vestrae eximiae pulchraeque virtutes nisi voluptatem efficerent.', '(860) 333-7443', NULL, NULL);
INSERT INTO public."PartyGuest" VALUES (99, 10, 'ACCEPTED', '2024-06-11 21:59:26', '2024-06-12 03:47:14', 'rivi.clougher@gmail.com', 'Rivi Clougher', 'Dixeris: ''Haec enim ipsa mihi sunt voluptati, et erant illa Torquatis.'' Numquam hoc ita defendit Epicurus neque Metrodorus aut quisquam eorum, qui aut saperet aliquid aut.', '(951) 620-7650', NULL, NULL);
INSERT INTO public."PartyGuest" VALUES (102, 1, 'PENDING', '2025-06-13 13:12:59.277', '2025-06-13 13:12:59.277', 'carlitos@gmail.com', 'Carlos Vela', '', '', NULL, NULL);
INSERT INTO public."PartyGuest" VALUES (32, 1, 'ACCEPTED', '2024-06-11 15:26:17', '2025-06-13 20:35:27.021', 'emilio.tander@yahoo.fr', 'Emilio Tander', 'Suppetet; et tamen, qui diligenter haec, quae vitam omnem continent, neglegentur? Nam, ut sint illa.', '(941) 581-7634', NULL, NULL);
INSERT INTO public."PartyGuest" VALUES (25, 1, 'PENDING', '2024-06-11 14:49:57', '2025-06-13 20:42:42.468', 'dianemarie.ronnay@hotmail.com', 'Dianemarie Ronnay', 'Me, inquam, nisi te audire vellem, censes haec dicturum fuisse? Utrum igitur percurri omnem Epicuri disciplinam placet an de una voluptate quaeri, de qua Epicurus quidem ita dicit.', '(858) 785-0499', NULL, NULL);
INSERT INTO public."PartyGuest" VALUES (46, 1, 'PENDING', '2024-06-11 16:47:56', '2025-06-13 20:43:42.296', 'blakeley.vyse@hotmail.fr', 'Blakeley Vyse', 'Est omnino hic docendi locus; sed ita sentio et saepe disserui, Latinam linguam non modo quid nobis probaretur, sed etiam effectrices sunt voluptatum tam.', '(239) 450-3805', NULL, NULL);
INSERT INTO public."PartyGuest" VALUES (4, 1, 'INVITED', '2024-06-11 12:40:17', '2025-06-14 16:49:02.763', 'celestina.fetterplace@orange.fr', 'Celestina Fetterplace', 'Progrediens familiaritatem effecerit, tum amorem efflorescere tantum, ut, etiamsi nulla sit utilitas ex amicitia, tamen ipsi amici propter se esse expetendam.', '(305) 293-9429', 'https://hips.hearstapps.com/hmg-prod/images/camiseta-baby-yoda-1577374646.jpg?crop=1xw:1xh;center,top&resize=1200:*', 102);


--
-- TOC entry 4955 (class 0 OID 31380)
-- Dependencies: 226
-- Data for Name: PartyHost; Type: TABLE DATA; Schema: public; Owner: postgres
--

INSERT INTO public."PartyHost" VALUES (1, 2, 8, '2024-06-11 12:23:37', '2024-06-12 04:19:57');
INSERT INTO public."PartyHost" VALUES (2, 6, 1, '2024-06-11 12:31:46', '2024-06-14 01:54:59');
INSERT INTO public."PartyHost" VALUES (3, 4, 10, '2024-06-11 12:40:31', '2024-06-13 19:48:23');
INSERT INTO public."PartyHost" VALUES (4, 9, 3, '2024-06-11 12:46:27', '2024-06-12 14:33:59');
INSERT INTO public."PartyHost" VALUES (5, 8, 6, '2024-06-11 12:48:37', '2024-06-19 23:08:40');
INSERT INTO public."PartyHost" VALUES (6, 10, 5, '2024-06-11 12:52:09', '2024-06-20 12:36:13');
INSERT INTO public."PartyHost" VALUES (7, 3, 7, '2024-06-11 12:56:55', '2024-06-18 19:16:47');
INSERT INTO public."PartyHost" VALUES (8, 5, 4, '2024-06-11 13:04:11', '2024-06-11 15:09:11');
INSERT INTO public."PartyHost" VALUES (9, 1, 2, '2024-06-11 13:13:16', '2024-06-11 17:27:59');
INSERT INTO public."PartyHost" VALUES (10, 7, 9, '2024-06-11 13:21:25', '2024-06-19 19:12:01');
INSERT INTO public."PartyHost" VALUES (11, 6, 3, '2024-06-11 13:25:56', '2024-06-13 08:59:33');
INSERT INTO public."PartyHost" VALUES (12, 4, 8, '2024-06-11 13:29:26', '2024-06-20 04:20:32');


--
-- TOC entry 4945 (class 0 OID 31332)
-- Dependencies: 216
-- Data for Name: User; Type: TABLE DATA; Schema: public; Owner: postgres
--

INSERT INTO public."User" VALUES (1, 'gabbi.worman@hotmail.com', 'Gabbi Worman', '2024-06-11 12:23:37', '2024-06-19 18:55:31');
INSERT INTO public."User" VALUES (2, 'barbey.edlington@gmail.com', 'Barbey Edlington', '2024-06-11 12:25:49', '2024-06-15 18:03:53');
INSERT INTO public."User" VALUES (3, 'gert.aucourte@gmail.com', 'Gert Aucourte', '2024-06-11 12:28:29', '2024-06-17 01:03:12');
INSERT INTO public."User" VALUES (4, 'celestina.fetterplace@orange.fr', 'Celestina Fetterplace', '2024-06-11 12:31:28', '2024-06-16 19:10:52');
INSERT INTO public."User" VALUES (5, 'ardelis.raggatt@bol.com.br', 'Ardelis Raggatt', '2024-06-11 12:38:27', '2024-06-18 17:18:18');
INSERT INTO public."User" VALUES (6, 'amos.bonallick@gmail.com', 'Amos Bonallick', '2024-06-11 12:40:33', '2024-06-14 18:04:40');
INSERT INTO public."User" VALUES (7, 'imogene.mathivat@live.it', 'Imogene Mathivat', '2024-06-11 12:44:57', '2024-06-17 15:24:29');
INSERT INTO public."User" VALUES (8, 'eduino.clewarth@gmail.com', 'Eduino Clewarth', '2024-06-11 12:48:59', '2024-06-20 05:54:42');
INSERT INTO public."User" VALUES (9, 'brewster.petrashov@gmail.com', 'Brewster Petrashov', '2024-06-11 12:57:42', '2024-06-13 03:59:29');
INSERT INTO public."User" VALUES (10, 'jozef.burfoot@yahoo.de', 'Jozef Burfoot', '2024-06-11 13:01:30', '2024-06-13 06:54:20');


--
-- TOC entry 4968 (class 0 OID 0)
-- Dependencies: 219
-- Name: LayoutItem_layout_item_id_seq; Type: SEQUENCE SET; Schema: public; Owner: postgres
--

SELECT pg_catalog.setval('public."LayoutItem_layout_item_id_seq"', 1, true);


--
-- TOC entry 4969 (class 0 OID 0)
-- Dependencies: 217
-- Name: Layout_layout_id_seq; Type: SEQUENCE SET; Schema: public; Owner: postgres
--

SELECT pg_catalog.setval('public."Layout_layout_id_seq"', 2, true);


--
-- TOC entry 4970 (class 0 OID 0)
-- Dependencies: 223
-- Name: PartyGuest_party_guest_id_seq; Type: SEQUENCE SET; Schema: public; Owner: postgres
--

SELECT pg_catalog.setval('public."PartyGuest_party_guest_id_seq"', 102, true);


--
-- TOC entry 4971 (class 0 OID 0)
-- Dependencies: 225
-- Name: PartyHost_party_host_id_seq; Type: SEQUENCE SET; Schema: public; Owner: postgres
--

SELECT pg_catalog.setval('public."PartyHost_party_host_id_seq"', 1, false);


--
-- TOC entry 4972 (class 0 OID 0)
-- Dependencies: 221
-- Name: Party_party_id_seq; Type: SEQUENCE SET; Schema: public; Owner: postgres
--

SELECT pg_catalog.setval('public."Party_party_id_seq"', 1, false);


--
-- TOC entry 4973 (class 0 OID 0)
-- Dependencies: 215
-- Name: User_user_id_seq; Type: SEQUENCE SET; Schema: public; Owner: postgres
--

SELECT pg_catalog.setval('public."User_user_id_seq"', 1, false);


--
-- TOC entry 4786 (class 2606 OID 31360)
-- Name: LayoutItem LayoutItem_pkey; Type: CONSTRAINT; Schema: public; Owner: postgres
--

ALTER TABLE ONLY public."LayoutItem"
    ADD CONSTRAINT "LayoutItem_pkey" PRIMARY KEY (layout_item_id);


--
-- TOC entry 4784 (class 2606 OID 31350)
-- Name: Layout Layout_pkey; Type: CONSTRAINT; Schema: public; Owner: postgres
--

ALTER TABLE ONLY public."Layout"
    ADD CONSTRAINT "Layout_pkey" PRIMARY KEY (layout_id);


--
-- TOC entry 4790 (class 2606 OID 31378)
-- Name: PartyGuest PartyGuest_pkey; Type: CONSTRAINT; Schema: public; Owner: postgres
--

ALTER TABLE ONLY public."PartyGuest"
    ADD CONSTRAINT "PartyGuest_pkey" PRIMARY KEY (party_guest_id);


--
-- TOC entry 4792 (class 2606 OID 31386)
-- Name: PartyHost PartyHost_pkey; Type: CONSTRAINT; Schema: public; Owner: postgres
--

ALTER TABLE ONLY public."PartyHost"
    ADD CONSTRAINT "PartyHost_pkey" PRIMARY KEY (party_host_id);


--
-- TOC entry 4788 (class 2606 OID 31370)
-- Name: Party Party_pkey; Type: CONSTRAINT; Schema: public; Owner: postgres
--

ALTER TABLE ONLY public."Party"
    ADD CONSTRAINT "Party_pkey" PRIMARY KEY (party_id);


--
-- TOC entry 4782 (class 2606 OID 31340)
-- Name: User User_pkey; Type: CONSTRAINT; Schema: public; Owner: postgres
--

ALTER TABLE ONLY public."User"
    ADD CONSTRAINT "User_pkey" PRIMARY KEY (user_id);


--
-- TOC entry 4780 (class 1259 OID 31387)
-- Name: User_email_key; Type: INDEX; Schema: public; Owner: postgres
--

CREATE UNIQUE INDEX "User_email_key" ON public."User" USING btree (email);


--
-- TOC entry 4794 (class 2606 OID 31393)
-- Name: LayoutItem LayoutItem_layout_id_fkey; Type: FK CONSTRAINT; Schema: public; Owner: postgres
--

ALTER TABLE ONLY public."LayoutItem"
    ADD CONSTRAINT "LayoutItem_layout_id_fkey" FOREIGN KEY (layout_id) REFERENCES public."Layout"(layout_id) ON UPDATE CASCADE ON DELETE RESTRICT;


--
-- TOC entry 4793 (class 2606 OID 31388)
-- Name: Layout Layout_layout_owner_id_fkey; Type: FK CONSTRAINT; Schema: public; Owner: postgres
--

ALTER TABLE ONLY public."Layout"
    ADD CONSTRAINT "Layout_layout_owner_id_fkey" FOREIGN KEY (layout_owner_id) REFERENCES public."User"(user_id) ON UPDATE CASCADE ON DELETE RESTRICT;


--
-- TOC entry 4797 (class 2606 OID 31491)
-- Name: PartyGuest PartyGuest_guest_seat_id_fkey; Type: FK CONSTRAINT; Schema: public; Owner: postgres
--

ALTER TABLE ONLY public."PartyGuest"
    ADD CONSTRAINT "PartyGuest_guest_seat_id_fkey" FOREIGN KEY (guest_seat_id) REFERENCES public."LayoutItem"(layout_item_id) ON UPDATE CASCADE ON DELETE SET NULL;


--
-- TOC entry 4798 (class 2606 OID 31408)
-- Name: PartyGuest PartyGuest_party_id_fkey; Type: FK CONSTRAINT; Schema: public; Owner: postgres
--

ALTER TABLE ONLY public."PartyGuest"
    ADD CONSTRAINT "PartyGuest_party_id_fkey" FOREIGN KEY (party_id) REFERENCES public."Party"(party_id) ON UPDATE CASCADE ON DELETE RESTRICT;


--
-- TOC entry 4799 (class 2606 OID 31423)
-- Name: PartyHost PartyHost_host_id_fkey; Type: FK CONSTRAINT; Schema: public; Owner: postgres
--

ALTER TABLE ONLY public."PartyHost"
    ADD CONSTRAINT "PartyHost_host_id_fkey" FOREIGN KEY (host_id) REFERENCES public."User"(user_id) ON UPDATE CASCADE ON DELETE RESTRICT;


--
-- TOC entry 4800 (class 2606 OID 31418)
-- Name: PartyHost PartyHost_party_id_fkey; Type: FK CONSTRAINT; Schema: public; Owner: postgres
--

ALTER TABLE ONLY public."PartyHost"
    ADD CONSTRAINT "PartyHost_party_id_fkey" FOREIGN KEY (party_id) REFERENCES public."Party"(party_id) ON UPDATE CASCADE ON DELETE RESTRICT;


--
-- TOC entry 4795 (class 2606 OID 31403)
-- Name: Party Party_layout_id_fkey; Type: FK CONSTRAINT; Schema: public; Owner: postgres
--

ALTER TABLE ONLY public."Party"
    ADD CONSTRAINT "Party_layout_id_fkey" FOREIGN KEY (layout_id) REFERENCES public."Layout"(layout_id) ON UPDATE CASCADE ON DELETE RESTRICT;


--
-- TOC entry 4796 (class 2606 OID 31398)
-- Name: Party Party_organizer_id_fkey; Type: FK CONSTRAINT; Schema: public; Owner: postgres
--

ALTER TABLE ONLY public."Party"
    ADD CONSTRAINT "Party_organizer_id_fkey" FOREIGN KEY (organizer_id) REFERENCES public."User"(user_id) ON UPDATE CASCADE ON DELETE RESTRICT;


-- Completed on 2025-06-14 13:54:15

--
-- PostgreSQL database dump complete
--

